taxon_id,LFC (2Q - 1Q),LFC (3Q - 1Q),LFC (4Q - 1Q),SE (2Q - 1Q),SE (3Q - 1Q),SE (4Q - 1Q),W (2Q - 1Q),W (3Q - 1Q),W (4Q - 1Q),p (2Q - 1Q),p (3Q - 1Q),p (4Q - 1Q),q (2Q - 1Q),q (3Q - 1Q),q (4Q - 1Q),W.global,p.global,q.global,structural_zero (1Q),structural_zero (2Q),structural_zero (3Q),structural_zero (4Q)
Treponema,-1.0011417174834152,0.2950514551240407,-0.6855316830215311,0.30774265626079084,0.28542242926919953,0.314700958185573,-3.2531782549995802,1.0337360517864538,-2.1783590586250665,0.0011412188254082477,0.30125957420559946,0.029379315444251486,0.13922869669980623,1,1,23.094095064965362,7.719948837638463e-5,0.009418337581918925,No,No,No,No
Fretibacterium,-0.9325066133030454,0.4713983547925881,-0.5945253753200902,0.3401225889571432,0.3481197395250069,0.3647949219273223,-2.7416779819365216,1.3541270467333715,-1.6297523336647126,0.006112623468412845,0.17569584864068982,0.10315385174281685,0.7457400631463671,1,1,20.13362905334602,3.185100005149474e-4,0.01942911003141179,No,No,No,No
Bacteroidales_[G-2],-1.0901016649174593,0.2708671860225646,-0.5465870382168456,0.3486663332319947,0.304090309695376,0.3428178167478017,-3.1264896005664253,0.8907458652461079,-1.594395073751226,0.0017690676111120607,0.3730655230839371,0.11084757510439668,0.2158262485556714,1,1,17.73839740147302,9.96021181758763e-4,0.040504861391523025,No,No,No,No
