taxon_id,LFC (1Q),LFC (2Q),LFC (3Q),LFC (4Q),W,p,q,pattern,structural_zero (1Q),structural_zero (2Q),structural_zero (3Q),structural_zero (4Q)
Peptostreptococcaceae_[XI][G-1],0,-0.5763665506371858,-0.5763665506371858,-0.7581055523994805,3.4347261241558704,0,0,-3,No,No,No,No
Dialister,0,-0.7256662410043446,-0.7256662410043446,-0.9705156636811129,3.545453612629456,0.001,0.040666666666666663,-3,No,No,No,No
Treponema,0,-0.5373060455744345,-0.5373060455744345,-1.056642745988104,3.294568391897737,0.001,0.040666666666666663,-3,No,No,No,No
