taxon_id,LFC (1Q),LFC (2Q),LFC (3Q),LFC (4Q),W,p,q,pattern,structural_zero (1Q),structural_zero (2Q),structural_zero (3Q),structural_zero (4Q)
Lachnoanaerobaculum,0,-0.2164557255642428,-0.6435396258325361,-0.7724017901795892,3.2832418167858837,0,0,-3,No,No,No,No
Paracoccus,0,-3.465336635393939e-19,0.03651249264376874,0.7900724055052165,3.31899108794618,0,0,3,No,No,No,No
