taxon_id,LFC (above LOD - below LOD),SE,W,p,q,structural_zero (below LOD),structural_zero (above LOD)
Actinomyces,0.3013104393770207,0.12181065580749587,2.473596725833233,0.013376058983609378,0.9792647549554033,No,No
Anoxybacillus,0.47190806094886223,0.22697526137738303,2.079116719968168,0.03760662367326664,0.9792647549554033,No,No
Megasphaera,-0.39104439908394856,0.17948915272158159,-2.1786519862318667,0.029357531111989098,0.9792647549554033,No,No
Saccharibacteria_(TM7)_[G-3],-0.3958334217424089,0.2009554157820034,-1.969757422073209,0.04886617847267165,0.9792647549554033,No,No
